1,David,Mary
2,Michael,Susan
3,James,Linda
4,John,Karen
5,Robert,Donna
6,Mark,Lisa
7,William,Patricia
8,Richard,Debra
9,Thomas,Cynthia
10,Steven,Deborah
11,Timothy,Sandra
12,Joseph,Barbara
13,Charles,Brenda
14,Jeffrey,Pamela
15,Kevin,Nancy
16,Kenneth,Sharon
17,Daniel,Cheryl
18,Paul,Elizabeth
19,Donald,Teresa
20,Brian,Lori
21,Ronald,Kathy
22,Gary,Diane
23,Scott,Carol
24,Gregory,Laura
25,Anthony,Debbie
26,Edward,Kimberly
27,Stephen,Kathleen
28,Larry,Julie
29,Christopher,Denise
30,Douglas,Cindy
31,Dennis,Tammy
32,Randy,Janet
33,George,Robin
34,Terry,Kim
35,Keith,Theresa
36,Mike,Margaret
37,Jerry,Laurie
38,Ricky,Rebecca
39,Bruce,Michelle
40,Frank,Christine
41,Peter,Janice
42,Craig,Catherine
43,Steve,Carolyn
44,Eric,Rhonda
45,Patrick,Cathy
46,Raymond,Tina
47,Roger,Connie
48,Danny,Judy
49,Jeff,Terri
50,Alan,Angela
51,Andrew,Kelly
52,Tony,Ann
53,Carl,Diana
54,Dale,Sherry
55,Jeffery,Paula
56,Russell,Sheila
57,Joe,Dawn
58,Wayne,Joyce
59,Randall,Maria
60,Tim,Beverly
61,Matthew,Jennifer
62,Gerald,Annette
63,Chris,Wendy
64,Lawrence,Lynn
65,Johnny,Valerie
66,Phillip,Wanda
67,Billy,Jane
68,Rodney,Betty
69,Jimmy,Peggy
70,Walter,Shirley
71,Todd,Bonnie
72,Barry,Beth
73,Bobby,Vicki
74,Glenn,Judith
75,Jim,Darlene
76,Philip,Jill
77,Martin,Amy
78,Jay,Suzanne
79,Curtis,Gloria
80,Willie,Joan
81,Roy,Katherine
82,Arthur,Kathryn
83,Greg,Martha
84,Henry,Tracy
85,Jack,Jacqueline
86,Tom,Jean
87,Ronnie,Anita
88,Ralph,Anne
89,Bryan,Michele
90,Bradley,Gail
91,Samuel,Stephanie
92,Harold,Leslie
93,Albert,Renee
94,Dean,Ellen
95,Bill,Dorothy
96,Darryl,Rita
97,Jon,Ruth
98,Vincent,Rose
99,Allen,Joanne
100,Rick,Vickie
101,Stanley,Terry
102,Eddie,Virginia
103,Victor,Marie
104,Darrell,Anna
105,Micheal,Regina
106,Louis,Maureen
107,Jose,Colleen
108,Howard,Phyllis
109,Eugene,Melissa
110,Joel,Carla
111,Dan,Becky
112,Tommy,Elaine
113,Leonard,Penny
114,Frederick,Victoria
115,Don,Andrea
116,Lee,Sarah
117,Fred,Helen
118,Jonathan,Marilyn
119,Marvin,Alice
120,Ernest,Sue
121,Ray,Sylvia
122,Dave,Julia
123,Dwayne,Sally
124,Harry,Melanie
125,Melvin,Tamara
126,Mitchell,Sandy
127,Duane,Frances
128,Kelly,Gina
129,Calvin,Jeanne
130,Kurt,Eileen
131,Bob,Joann
132,Norman,Pam
133,Jerome,Yvonne
134,Brad,Jo
135,Karl,Lorraine
136,Marc,Sherri
137,Tracy,Evelyn
138,Rickey,Loretta
139,Earl,Carrie
140,Edwin,Dana
141,Clifford,Monica
142,Kirk,Sheryl
143,Reginald,Melinda
144,Glen,Jackie
145,Francis,Patty
146,Perry,Toni
147,Kent,Doris
148,Alfred,Charlene
149,Theodore,Roberta
150,Jesse,Belinda
151,Brett,Charlotte
152,Nicholas,Joy
153,Bernard,Melody
154,Brent,Christina
155,Benjamin,Vanessa
156,Darren,Glenda
157,Clarence,Marcia
158,Kerry,Shelly
159,Gordon,Jeanette
160,Juan,Dianne
161,Stuart,Holly
162,Troy,Norma
163,Shawn,Gwendolyn
164,Wesley,Lynne
165,Warren,Patti
166,Carlos,Jan
167,Alvin,Carmen
168,Guy,Veronica
169,Kenny,Vicky
170,Ron,Heidi
171,Lance,Yolanda
172,Leroy,Teri
173,Vernon,Deanna
174,Gilbert,Audrey
175,Gene,Lois
176,Herbert,Tami
177,Ken,Shelia
178,Aaron,Marsha
179,Gregg,Sheri
180,Lloyd,Jamie
181,Dwight,Rosemary
182,Doug,Shelley
183,Lonnie,Lynda
184,Ted,Juanita
185,Manuel,Tammie
186,Leslie,Sara
187,Dana,Irene
188,Daryl,Vivian
189,Leon,Crystal
190,Nathan,Tracey
191,Tyrone,April
192,Timmy,Kay
193,Donnie,Roxanne
194,Franklin,Doreen
195,Marty,Shari
196,Antonio,Jody
197,Allan,Rosa
198,Floyd,Rachel
199,Neil,Louise
200,Robin,Marianne
201,Andy,Constance
202,Sean,Darla
203,Andre,Carole
204,Gerard,Eva
205,Lewis,Lydia
206,Clyde,Karla
207,Jackie,Dianna
208,Ruben,Marlene
209,Luis,Alicia
210,Marcus,June
211,Maurice,Arlene
212,Mario,Grace
213,Ricardo,Jodi
214,Lester,Debora
215,Rex,Ramona
216,Jimmie,Natalie
217,Kelvin,Tanya
218,Chuck,Lee
219,Kyle,Chris
220,Randal,Gayle
221,Clayton,Annie
222,Charlie,Stacy
223,Wade,Geraldine
224,Bret,Lillian
225,Garry,Bernadette
226,Alex,Yvette
227,Freddie,Cheri
228,Sam,Felicia
229,Alexander,Ruby
230,Joey,Joni
231,Arnold,Janine
232,Leo,Dolores
233,Byron,Esther
234,Neal,Ronda
235,Milton,Jenny
236,Derrick,Delores
237,Kim,Marjorie
238,Nathaniel,Nora
239,Wendell,Lauren
240,Roland,Sherrie
241,Johnnie,Maryann
242,Nick,Tonya
243,Clinton,Edith
244,Randolph,Cassandra
245,Oscar,Sonya
246,Herman,Alison
247,Derek,Betsy
248,Ross,Nina
249,Adam,Robyn
250,Terrence,Stacey
251,Nelson,Emily
252,Pat,Priscilla
253,Harvey,Caroline
254,Jody,Lynette
255,Lynn,Lora
256,Cecil,Susie
257,Ben,Kimberley
258,Roberto,Therese
259,Jason,Claudia
260,Jessie,Margie
261,Chester,Myra
262,Jesus,Christy
263,Clay,Josephine
264,Fredrick,Bridget
265,Hugh,Erin
266,Raul,Ginger
267,Bart,Lucy
268,Marshall,Pauline
269,Hector,Terrie
270,Matt,Edna
271,Clifton,Patsy
272,Sammy,Marla
273,Rocky,Janie
274,Sidney,Kristine
275,Carlton,Mildred
276,Roderick,Mona
277,Claude,Allison
278,Rudy,Kristi
279,Miguel,Jeannie
280,Frankie,Lorrie
281,Geoffrey,Miriam
282,Benny,Jacquelyn
283,Wallace,Cecilia
284,Francisco,Patrice
285,Ramon,Francine
286,Cary,Marian
287,Pete,Lorie
288,Terence,Shannon
289,Lyle,Bobbie
290,Jamie,Kelley
291,Terrance,Rosemarie
292,Curt,Angie
293,Grant,Georgia
294,Edgar,Sabrina
295,Rene,Jana
296,Virgil,Amanda
297,Max,Emma
298,Bradford,Heather
299,Pedro,Nadine
300,Angelo,Irma
301,Angel,Kelli
302,Christian,Sonia
303,Loren,Kerry
304,Darrel,Cathleen
305,Lorenzo,Jeannette
306,Felix,Gretchen
307,Morris,Antoinette
308,Mickey,Dora
309,Jaime,Clara
310,Ed,Rochelle
311,Rory,Beatrice
312,Everett,Jayne
313,Stewart,Rene
314,Phil,Vera
315,Myron,Claire
316,Armando,Gwen
317,Clark,Bonita
318,Ira,Faith
319,Ivan,Bernice
320,Earnest,Gladys
321,Teddy,Janis
322,Salvatore,Paulette
323,Fernando,Bertha
324,Dewayne,Jeanine
325,Sherman,Candace
326,Adrian,Thelma
327,Otis,Candy
328,Drew,Eleanor
329,Jorge,Joanna
330,Travis,Marion
331,Bennie,Lucinda
332,Malcolm,Jennie
333,Willard,Alma
334,Rafael,Laurel
335,Marion,Kellie
336,Cedric,Faye
337,Shane,Billie
338,Luther,Iris
339,Alton,Lana
340,Jeffry,Kristin
341,Rickie,Leticia
342,Elmer,Naomi
343,Rusty,Leah
344,Laurence,Leigh
345,Edmund,Katrina
346,Julius,Celeste
347,Sylvester,Shawn
348,Scot,Sonja
349,Rod,Jeri
350,Alberto,Pat
351,Delbert,Kari
352,Jacob,Ella
353,Julian,Della
354,Alfredo,Rosie
355,Monty,Dena
356,Javier,Florence
357,Van,Ida
358,Preston,Karin
359,Roosevelt,Ethel
360,Isaac,Luann
361,Clint,Molly
362,Erik,Wilma
363,Alonzo,Trudy
364,Monte,Lauri
365,Kris,Nanette
366,Lionel,Tara
367,Wilbert,Lesa
368,Arturo,Kathi
369,Rodger,Lorna
370,Orlando,Lucille
371,Vance,Traci
372,Robbie,Debby
373,Archie,Trina
374,Evan,Cherie
375,Kendall,Rosalind
376,Dominic,Adrienne
377,Rudolph,Liz
378,Blake,Jeannine
379,Ernie,Gay
380,Dexter,Marcella
381,Lowell,Monique
382,Gabriel,Stella
383,Gerry,Ana
384,Luke,Polly
385,Stevie,Olga
386,Horace,Lillie
387,Tommie,Leanne
388,Stephan,Katie
389,Willis,Lou
390,Leland,Maxine
391,Doyle,Mindy
392,Stan,Willie
393,Hal,Alisa
394,Jerald,Gale
395,Hubert,Christie
396,Forrest,Leann
397,Al,Hazel
398,Darwin,Kris
399,Noel,Madeline
400,Bryant,Suzette
401,Sheldon,Hope
402,Bert,Deirdre
403,Owen,Tamra
404,Blaine,Janette
405,Dino,Susanne
406,Ryan,Jessica
407,Alfonso,Velma
408,Freddy,Cecelia
409,Boyd,Tamera
410,Oliver,Corinne
411,Toby,Dina
412,Carey,Jerri
413,Jan,Tracie
414,Eduardo,Kristen
415,Dirk,Amelia
416,Enrique,Celia
417,Denis,Kristy
418,Justin,Dale
419,Damon,Valarie
420,Ellis,Verna
421,Donny,Desiree
422,Buddy,Ladonna
423,Grady,Lorri
424,Spencer,Marcy
425,Wilbur,Tammi
426,Cory,Colette
427,Dallas,Jolene
428,Rob,Rosalie
429,Ernesto,Lena
430,Casey,Marguerite
431,Dominick,Rena
432,Kirby,Elisa
433,Julio,Dee
434,Zachary,Jessie
435,Seth,Jodie
436,Russ,Camille
437,Mathew,Margarita
438,Ervin,Sondra
439,Salvador,Laverne
440,Vince,Barb
441,Mitch,Noreen
442,Miles,Olivia
443,Rufus,Darcy
444,Louie,Delia
445,Ronny,Lynnette
446,Darnell,Kerri
447,Mack,Benita
448,Darin,Angelia
449,Randell,Lenora
450,Homer,Harriet
451,Cornelius,Kathie
452,Rodolfo,Maryellen
453,Dewey,Robbie
454,Joshua,Daisy
455,Bryon,Leona
456,Denny,Hilda
457,Tod,Dixie
458,Corey,Cindi
459,Moses,Cora
460,Irvin,Ingrid
461,Royce,Danette
462,Stacy,Mitzi
463,Colin,Freda
464,Marlon,Robbin
465,Abraham,Guadalupe
466,Dane,Janelle
467,Sammie,Helene
468,Jess,Deana
469,Alphonso,Elena
470,Shannon,Geneva
471,Scotty,Viola
472,Cameron,Agnes
473,Ward,Deanne
474,Wilson,Deloris
475,Conrad,Marybeth
476,Rolando,Judi
477,Sergio,Kristina
478,Aubrey,Roseann
479,Elliott,Margo
480,Lane,Mattie
481,Carroll,Bobbi
482,Percy,Kimberlee
483,Edmond,Lola
484,Lamar,Randi
485,Michel,Christi
486,Reggie,Coleen
487,Barney,Johnnie
488,Elbert,Ernestine
489,Joesph,Gayla
490,Amos,Luanne
491,Trent,Jeanie
492,Garland,Isabel
493,Chad,Bessie
494,Nicky,Tamela
495,Ty,Reba
496,Ramiro,Rosanne
497,Cliff,Maryanne
498,Gilberto,Denice
499,Morgan,Alberta
500,Blair,Bridgette
501,Reuben,Elisabeth
502,Stacey,Lea
503,Abel,Myrna
504,Cleveland,Elise
505,Norris,Pearl
506,Wilfred,Megan
507,Ian,Nellie
508,Lyndon,Sallie
509,Vaughn,Debi
510,Barton,Diann
511,Elvis,Sandi
512,Pierre,Alesia
513,Elton,Annmarie
514,Guadalupe,Ada
515,Shaun,Laureen
516,Sterling,Minnie
517,Reynaldo,Elsie
518,Rich,Eugenia
519,Gerardo,Mae
520,Harlan,Tonia
521,Marlin,Marta
522,Pablo,Felecia
523,Rocco,Mari
524,Dwain,Tricia
525,Israel,Flora
526,Bernie,Deidre
527,Lamont,Marina
528,Will,Marisa
529,Mitchel,Roxann
530,Donnell,Maura
531,Simon,Claudette
532,Ned,Ava
533,Terrell,Eunice
534,Lon,Saundra
535,Thaddeus,Julianne
536,Galen,Maggie
537,Darrin,Greta
538,Eddy,Clare
539,Russel,Kristie
540,Brendan,Frankie
541,Murray,Violet
542,Emmett,Michael
543,Reed,Tena
544,Andres,Carlene
545,Woodrow,Geri
546,Ismael,Rosalyn
547,Emanuel,Gracie
548,Marco,Penelope
549,Robby,Malinda
550,Alejandro,Brigitte
551,Austin,Krista
552,Bennett,Renita
553,Felipe,Danielle
554,Hans,Melodie
555,Junior,Dona
556,Tomas,Stacie
557,Kurtis,Nita
558,Gus,Johanna
559,Garth,Shelby
560,Irving,Sharron
561,Kennith,Katharine
562,Lenny,Josie
563,Unknown,Twila
564,Bobbie,Renae
565,Guillermo,Eve
566,Winston,Lorene
567,Avery,Deann
568,Billie,Leisa
569,Dion,Blanca
570,Erwin,Rachelle
571,Tracey,Rosetta
572,Bryce,Roslyn
573,Burton,Daphne
574,Dick,Leeann
575,Fabian,Dinah
576,Art,Maryjo
577,Brandon,Danita
578,Garrett,Kaye
579,Dannie,Lila
580,Elijah,Lourdes
581,Jasper,Suzan
582,Wilfredo,James
583,Eldon,Caren
584,Norbert,Glenna
585,Tyler,Hattie
586,Elvin,Luz
587,Carmen,Kendra
588,Harrison,Estella
589,Levi,Amber
590,Linwood,Pamala
591,Merle,Roxane
592,Danial,Elsa
593,Rogelio,Fran
594,Sandy,Deena
595,Domingo,Lorena
596,Duncan,Alfreda
597,Jefferson,Rosalinda
598,Grover,Dorothea
599,Lanny,Lisha
600,Les,Fay
601,Harley,Ilene
602,Theron,Merry
603,Elias,Genevieve
604,Mary,Henrietta
605,Kip,Ivy
606,Sanford,Ruthie
607,Thurman,Adele
608,Erich,Marcie
609,Kermit,Robert
610,Nolan,Candice
611,Antoine,Patrica
612,Marcos,Teressa
613,Erick,Gaye
614,Kraig,Angel
615,Daren,Gena
616,Emil,Vickey
617,Jonathon,Caryn
618,Santiago,Libby
619,Vito,Lupe
620,Jeremy,Jami
621,Kenton,Kitty
622,Roscoe,Bernadine
623,Shelby,Sophia
624,Elliot,Charmaine
625,Hank,Gigi
626,Jake,Lucia
627,Lonny,Allyson
628,Kelley,Kirsten
629,Orville,Antonia
630,Anton,Pattie
631,Gino,Simone
632,Timmie,Cathryn
633,Lindsay,Lenore
634,Cesar,Melba
635,Dudley,Roxanna
636,Jeremiah,Arleen
637,Layne,Bambi
638,August,Georgette
639,Shelton,Mamie
640,Ulysses,Marci
641,Emilio,Geralyn
642,Errol,Meredith
643,Winfred,Rae
644,Loyd,Tamie
645,Eli,Sharlene
646,Sonny,Lesley
647,Tad,Erma
648,Cornell,Venita
649,Emery,Wendi
650,Frederic,John
651,Jean,Lula
652,Johnathan,Nicole
653,Adolph,Terese
654,Coy,Karyn
655,Gustavo,Sheree
656,Santos,Abby
657,Britt,Angelina
658,Donn,Jenifer
659,Lindsey,Keri
660,Otto,Inez
661,Jed,Corrine
662,Odell,Nelda
663,Roman,Cara
664,Toney,Erica
665,Carter,Janell
666,Keven,Antionette
667,Ignacio,Juli
668,Noah,Fannie
669,Wes,Ginny
670,Del,Aileen
671,Wiley,Dorene
672,Charley,Jocelyn
673,Jordan,Rhoda
674,Nicolas,Silvia
675,Wayde,Abigail
676,Brady,Marylou
677,Quintin,Debbi
678,Chip,Jewel
679,Stefan,Karol
680,Timmothy,Annemarie
681,Vern,David
682,Wally,Kyle
683,Damian,Susanna
684,Davis,Valorie
685,Emory,Cherry
686,Benito,Loraine
687,Efrain,Teena
688,Ivory,Althea
689,Lenard,Lyn
690,Reid,Vikki
691,Carlo,Avis
692,Gale,Bethany
693,Josh,Helena
694,Solomon,Justine
695,Hollis,Maritza
696,Jerold,Etta
697,Saul,Shellie
698,Jacky,Carmela
699,Quentin,Gertrude
700,Humberto,Migdalia
701,Xavier,Misty
702,Weldon,Earnestine
703,Marcel,Janna
704,Mikel,Shawna
705,Hiram,Dori
706,Millard,Louann
707,Quinton,Cheryle
708,Adolfo,Minerva
709,Randel,Tana
710,Val,Kate
711,Carmine,Marietta
712,Len,Bridgett
713,Butch,Clarissa
714,Elwood,Lesia
715,Scottie,Lawanda
716,Bud,Shauna
717,Zane,Alexandra
718,Chet,Deb
719,Noe,Letitia
720,Ollie,Selena
721,Thad,Gerri
722,Jackson,Leesa
723,Kennedy,Mariann
724,Courtney,Raquel
725,Myles,Cathie
726,Cris,Nikki
727,Derwin,Rebekah
728,Blane,Francis
729,Eloy,Madonna
730,Basil,Delphine
731,Jarvis,Edwina
732,Kirt,Lavonne
733,Merrill,Gabrielle
734,Bradly,Karrie
735,Dwaine,Pennie
736,Fidel,Elva
737,Jerrold,Kathrine
738,Richie,Maribeth
739,Fredric,Shelli
740,Jude,Cari
741,Von,Elvira
742,Mervin,Starla
743,Riley,Cherri
744,Burt,Kandy
745,Devin,Paige
746,Jacques,Vonda
747,Bruno,Deidra
748,Denver,Eloise
749,Emmanuel,Nannette
750,Harris,Dottie
751,Keenan,Earlene
752,Christophe,Karon
753,Delmar,Katy
754,Merlin,Missy
755,Sal,Danna
756,Skip,Dolly
757,Wyatt,Bonny
758,Freeman,Fern
759,Leonardo,Letha
760,Stanford,Venus
761,Dee,Juliana
762,Alec,Meg
763,Gavin,Lucretia
764,Rock,Christa
765,Armand,Debrah
766,Edwardo,Valeria
767,Connie,Aurora
768,Gil,Cyndi
769,Duke,Erika
770,Mel,Collette
771,Rolf,Dawna
772,Everette,Myrtle
773,Greggory,Susana
774,Isaiah,Tresa
775,Linda,Bettie
776,Omar,Bettina
777,Raynard,Graciela
778,Antony,Rosario
779,Brooks,Juliet
780,Elroy,Leila
781,Hugo,Lu
782,Kennth,Marva
783,Kimberly,Beverley
784,Aron,Debbra
785,Graham,Mollie
786,Judson,Alexis
787,Royal,Clarice
788,Douglass,Jacquline
789,Ethan,Lela
790,Kenney,Sherrill
791,Lavern,Cornelia
792,Lemuel,Esmeralda
793,Taylor,Nona
794,Augustine,Selina
795,Clement,Twyla
796,Heriberto,Dorinda
797,Joaquin,Joellen
798,Raphael,Muriel
799,Carson,Nola
800,Dalton,Annamarie
801,Eliot,Mercedes
802,Nickolas,Aida
803,Berry,Blanche
804,Derick,Doretha
805,Dusty,Marilee
806,Emerson,Nan
807,Forest,Sybil
808,Fritz,Treva
809,Johnie,Valencia
810,Vicente,Carmella
811,Ashley,Cassie
812,Curtiss,Hilary
813,Cody,Juana
814,Gearld,Magdalena
815,Hilton,William
816,Lupe,Dayna
817,Audie,Aimee
818,Domenic,Annetta
819,Donell,Milagros
820,Alden,Andra
821,Flint,Ester
822,Irwin,Mable
823,Lisa,Sherie
824,Roddy,Tori
825,Darius,Roseanne
826,Lincoln,Winifred
827,Carol,Charla
828,Desmond,Jerry
829,Gregorio,Ivette
830,Kristopher,Millie
831,Rodrick,Ronna
832,Tobin,Estelle
833,Anderson,Chandra
834,Cruz,Lanette
835,Dickie,Randy
836,Duwayne,Sadie
837,Agustin,Camilla
838,Robbin,Cathi
839,Stanton,Darleen
840,Susan,Delois
841,Andrea,Fonda
842,Arnulfo,Harriett
843,Artis,Mara
844,Dell,Nanci
845,Demetrius,Athena
846,Felton,Louisa
847,Laverne,Merri
848,Maynard,Mimi
849,Wilton,Rachael
850,Benedict,Suzanna
851,Darold,Angelita
852,Dwane,Melva
853,Esteban,Willa
854,Federico,Ina
855,Haywood,Candi
856,Leigh,Mandy
857,Mason,Roxie
858,Pasquale,Cristina
859,Arlen,Bette
860,Donna,Ollie
861,Jefferey,Suzy
862,Lucas,Georgina
863,Raymon,Leisha
864,Silas,Martina
865,Vic,Portia
866,Cyrus,Jewell
867,Faron,Leanna
868,Leif,Rosanna
869,Marcelino,Carolina
870,Rogers,Edie
871,Fletcher,Lavern
872,Glynn,Tonja
873,Lesley,Aleta
874,Moises,Delilah
875,Rayford,Donita
876,Cyril,Madelyn
877,Dante,Nettie
878,Debra,Carleen
879,Donovan,Cecile
880,Kevan,Janeen
881,Lennie,Joanie
882,Reinaldo,Melisa
883,Barrett,Noemi
884,Brice,Reva
885,Darrick,Barbra
886,Huey,Celestine
887,Kerwin,Essie
888,Monroe,Jacque
889,Napoleon,Katheryn
890,Titus,Margot
891,Woody,Maryjane
892,Micah,Elana
893,Broderick,Francesca
894,Derrell,Gilda
895,Gonzalo,Jacki
896,Karen,Tommie
897,Mckinley,Carey
898,Brien,Iva
899,Cole,Jannie
900,Jame,Lilly
901,Major,Lizabeth
902,Sebastian,May
903,Andra,Adriana
904,Brant,Esperanza
905,Buford,Leta
906,Hayward,Petra
907,Hunter,Romona
908,Wardell,Sharla
909,Wilford,Zelda
910,Wilmer,Deedee
911,Alvaro,Juliann
912,Darry,Kara
913,Jonas,Lita
914,Mac,Liza
915,Patricia,Rona
916,Ricki,Charles
917,Truman,Jeanna
918,Cynthia,Mabel
919,Earle,Mark
920,Gaylon,Mavis
921,Adan,Opal
922,Barron,Ursula
923,Bernardo,Daria
924,Clair,Eula
925,Quinn,Hannah
926,Roel,Sherryl
927,Trevor,Babette
928,Yancy,Dara
929,Booker,Retha
930,Cal,Unknown
931,Darron,Neva
932,Darryle,Suzie
933,Herb,Carmel
934,Herschel,Cathrine
935,Rhett,Kayla
936,Sid,Loriann
937,Tab,Tania
938,Alexis,Consuelo
939,Carmelo,Dedra
940,Odis,Evette
941,Raymundo,Francisca
942,Stephon,Joe
943,Warner,Angelica
944,Barbara,Cinda
945,Baron,Sydney
946,Coleman,Veda
947,Deborah,Alana
948,Leonel,Lily
949,Lou,Ruthann
950,Paris,Kerrie
951,Waymon,Latanya
952,Windell,Lindy
953,Alfonzo,Loreen
954,Benton,Shiela
955,Brenda,Addie
956,Darryll,Earline
957,Devon,Fawn
958,Isiah,Richard
959,Jamey,Risa
960,Jere,Joleen
961,Leander,Laurene
962,Rolland,Moira
963,Boyce,Ora
964,Brock,Trena
965,Chaim,Jerrie
966,Daryle,Mickey
967,Ezra,Shirlene
968,Ferdinand,Penni
969,Hershel,Adrianne
970,Lars,Alyce
971,Lawerence,Beckie
972,Lyman,Callie
973,Willam,Dorthy
974,Arnoldo,Evangeline
975,Buck,Joseph
976,Dennie,Krystal
977,Issac,Cherrie
978,Jared,Jannette
979,Lacy,Josefina
980,Montgomery,Sheena
981,Prince,Juliette
982,Sandra,Leola
983,Walt,Marty
984,Abe,Matilda
985,Alva,Millicent
986,Arnie,Thomas
987,Artie,Velda
988,Chauncey,Zoe
989,Darell,Cary
990,Dorsey,Deeann
991,Emmitt,Rosita
992,Garret,Bev
993,Kory,Carlotta
994,Quincy,Caron
995,Regan,Keely
996,Robb,Lissa
997,Aldo,Pearlie
998,Augustus,Germaine
999,Burl,Lorinda
1000,Elizabeth,Anastasia
